{"R": [[0.9948170221571928, 0.08328972136407184, -0.05832617481195317], [-0.08509388232581393, 0.995946173986129, -0.02915952057075674], [0.055661041526545024, 0.03397158760333589, 0.9978716388487515]], "c": [-0.026884051306181597, 0.02954347602834993, -0.03443031905516828]}