{"R": [[-0.0012055807505131735, -0.9995664256543725, -0.02941918817872714], [-0.03502052559122868, 0.029443365418142502, -0.9989527678392345], [0.9993858567719817, -0.0001740427967151089, -0.035040838271034803]], "c": [0.0010862547744110676, 0.01129780888409495, -0.021124222720710212]}