{"R": [[0.9992256653885339, 0.016324297445445193, -0.035798950424673695], [-0.017163927679306988, 0.9995817733946137, -0.02327349981531055], [0.03540405520862189, 0.023869929198604, 0.999087962726302]], "c": [0.012472750285728692, -0.008738667538518784, -0.04038085093186591]}