{"R": [[-0.09191218960332968, -0.9954927201168878, -0.023375211839832433], [0.08234785506409971, 0.01579531763178916, -0.9964784722407246], [0.9923562803250756, -0.09351341650878933, 0.08052490772543629]], "c": [0.019462174619250025, -0.007964140799896723, -0.04116760527554247]}