{"R": [[0.9942234217104591, -0.04238080244422331, 0.09860856523552052], [0.03965142635876096, 0.9987786922361994, 0.029476807051315352], [-0.09973738487317539, -0.025396561783210595, 0.9946896312616963]], "c": [0.014142754906427897, -0.023502092037971895, -0.028210181585093436]}