{"R": [[-0.06161844684720052, -0.9978364768408006, -0.022924515863958595], [0.09420334615223096, 0.017051449542753526, -0.9954069411932657], [0.9936442509849195, -0.06349499577091952, 0.0929488511504538]], "c": [-0.0037671347689924623, 0.007706101061588272, -0.027822692131946963]}