{
    "camera0": [
        [
            -0.722441863744757,
            0.6899275015162966,
            0.04558292082195186,
            3.4653794430510976
        ],
        [
            -0.6906455923748472,
            -0.7231933850669863,
            -6.223164344745791e-06,
            2.1241036947545098
        ],
        [
            0.03296097317094899,
            -0.03148613912521013,
            0.9989605616843888,
            -1.5482791951493873
        ],
        [
            0.0,
            0.0,
            0.0,
            1.0
        ]
    ],
    "camera1": [
        [
            0.45648618282518255,
            0.8897214148379553,
            -0.0040216563678169455,
            2.4720391959856394
        ],
        [
            -0.8885596778057825,
            0.4561126319946967,
            0.04922368092751649,
            -2.8843372916714776
        ],
        [
            0.045629691198579056,
            -0.018896448478935686,
            0.9987796856001352,
            -1.1108792304988386
        ],
        [
            0.0,
            0.0,
            0.0,
            1.0
        ]
    ],
    "camera2": [
        [
            0.9822767563401676,
            -0.18201784480591351,
            0.04474218568205708,
            6.615872502135122
        ],
        [
            0.1810148389242119,
            0.983148036782851,
            0.02556464184818372,
            -5.77604317579006
        ],
        [
            -0.0486414133906377,
            -0.017012554064415843,
            0.9986714028954292,
            -1.5103658297149103
        ],
        [
            0.0,
            0.0,
            0.0,
            1.0
        ]
    ],
    "camera3": [
        [
            -0.8783353120382708,
            -0.4748938987380159,
            0.05479839419270619,
            8.518066459899343
        ],
        [
            0.4766760756844389,
            -0.8787157837183693,
            0.02526835476151235,
            5.192065556886283
        ],
        [
            0.036152426402319825,
            0.04831517177530996,
            0.998177662382607,
            -1.9619222123026545
        ],
        [
            0.0,
            0.0,
            0.0,
            1.0
        ]
    ]
}