{
    "R": [
        [
            0.9938436574191796,
            -0.09675864449064712,
            -0.05396813256871282
        ],
        [
            0.09409025083798836,
            0.9943086622038867,
            -0.04997318253338961
        ],
        [
            0.058496318806109816,
            0.044587655148074376,
            0.9972913975882294
        ]
    ],
    "c": [
        -0.002196162051400264,
        -0.013645178839260388,
        -0.016350300730924774
    ]
}