{"R": [[-0.002392568182296395, -0.9993872108041171, 0.03492082269442106], [0.029275868837935794, -0.034975956391602524, -0.9989592540926138], [0.9995684991436412, -0.001367740711850391, 0.02934161147701509]], "c": [0.009181634809143085, -0.001010849086392044, -0.01692643319617938]}