{
    "pose": {
        "camera_0": [
            2.8944266845703126,
            -2.8872628662109374,
            0.5793421752929688,
            6.2438,
            6.1167,
            2.3879
        ],
        "camera_1": [
            -2.854763842773438,
            -2.881172314453125,
            0.5704032653808593,
            0.0262,
            6.0204,
            0.5871
        ],
        "camera_3": [
            2.8249824707031252,
            2.9221557373046876,
            0.5786178527832031,
            6.2700,
            5.9819,
            4.0222
        ]
    },
    "roi": {
        "camera_0": [
            [
                129,
                673,
                21,
                14
            ],
            [
                1429,
                720,
                18,
                11
            ]
        ],
        "camera_1": [
            [
                1274,
                796,
                25,
                15
            ],
            [
                601,
                835,
                15,
                12
            ]
        ],
        "camera_3": [
            [
                198,
                783,
                24,
                15
            ],
            [
                868,
                848,
                16,
                11
            ]
        ]
    }
}